Gene_set	Term	Overlap	P-value	Adjusted P-value	Old P-value	Old Adjusted P-value	Odds Ratio	Combined Score	Genes	bucket	library
GO_Cellular_Component_2023	Chitosome (GO:0045009)	2/15	7.977048122143578e-05	0.0010104260954715	0	0	192.0096153846154	1811.8712842401887	OCA2;PMEL	Concordant_DOWN_DOWN	GO_Cellular_Component_2023
GO_Cellular_Component_2023	Melanosome Membrane (GO:0033162)	2/15	7.977048122143578e-05	0.0010104260954715	0	0	192.0096153846154	1811.8712842401887	OCA2;PMEL	Concordant_DOWN_DOWN	GO_Cellular_Component_2023
GO_Cellular_Component_2023	Pigment Granule Membrane (GO:0090741)	2/15	7.977048122143578e-05	0.0010104260954715	0	0	192.0096153846154	1811.8712842401887	OCA2;PMEL	Concordant_DOWN_DOWN	GO_Cellular_Component_2023
GO_Cellular_Component_2023	Melanosome (GO:0042470)	2/31	0.00035027247768592	0.0033275885380162	0	0	86.00431034482759	684.3190276353239	OCA2;PMEL	Concordant_DOWN_DOWN	GO_Cellular_Component_2023
GO_Cellular_Component_2023	Multivesicular Body, Internal Vesicle (GO:0097487)	1/5	0.0044922927083929	0.0341414245837865	0	0	293.79411764705884	1588.072397289777	PMEL	Concordant_DOWN_DOWN	GO_Cellular_Component_2023
GO_Cellular_Component_2023	cis-Golgi Network Membrane (GO:0033106)	1/7	0.0062838777740325	0.0397978925688731	0	0	195.84313725490196	992.8792720611536	PMEL	Concordant_DOWN_DOWN	GO_Cellular_Component_2023
GO_Cellular_Component_2023	Axonal Growth Cone (GO:0044295)	1/15	0.01341982690512	0.0728504889135089	0	0	83.89915966386555	361.6911269349327	RTN4R	Concordant_DOWN_DOWN	GO_Cellular_Component_2023
GO_Cellular_Component_2023	Multivesicular Body Membrane (GO:0032585)	1/19	0.01696963087688	0.08060574666518	0	0	65.24183006535948	265.9472259849427	PMEL	Concordant_DOWN_DOWN	GO_Cellular_Component_2023
GO_Cellular_Component_2023	Pigment Granule (GO:0048770)	1/24	0.0213899261577365	0.0903130215548875	0	0	51.0460358056266	196.26359569838613	PMEL	Concordant_DOWN_DOWN	GO_Cellular_Component_2023
GO_Cellular_Component_2023	Lytic Vacuole Membrane (GO:0098852)	2/287	0.0269866677481415	0.1025493374429377	0	0	8.639035087719298	31.20775680138441	OCA2;SCARB1	Concordant_DOWN_DOWN	GO_Cellular_Component_2023
GO_Cellular_Component_2023	Bounding Membrane Of Organelle (GO:0098588)	3/819	0.035277753257061	0.1191228276758355	0	0	4.697549019607843	15.710965534767793	OCA2;PMEL;SCARB1	Concordant_DOWN_DOWN	GO_Cellular_Component_2023
GO_Cellular_Component_2023	Lysosomal Membrane (GO:0005765)	2/356	0.0400640313485989	0.1191228276758355	0	0	6.9307909604519775	22.29826964315255	OCA2;SCARB1	Concordant_DOWN_DOWN	GO_Cellular_Component_2023
GO_Cellular_Component_2023	Endosome Membrane (GO:0010008)	2/361	0.0410904348098015	0.1191228276758355	0	0	6.8325208913649025	21.809269448959192	OCA2;KREMEN2	Concordant_DOWN_DOWN	GO_Cellular_Component_2023
GO_Cellular_Component_2023	Multivesicular Body (GO:0005771)	1/50	0.0440744949316926	0.1191228276758355	0	0	23.92917166866747	74.70385911458476	PMEL	Concordant_DOWN_DOWN	GO_Cellular_Component_2023
GO_Cellular_Component_2023	Cytoplasmic Vesicle Membrane (GO:0030659)	2/389	0.0470221688194087	0.1191228276758355	0	0	6.329134366925064	19.34902522745986	OCA2;SCARB1	Concordant_DOWN_DOWN	GO_Cellular_Component_2023
GO_Cellular_Component_2023	cis-Golgi Network (GO:0005801)	1/60	0.0526663616642541	0.1215462638182661	0	0	19.863409770687937	58.47347515993359	PMEL	Concordant_DOWN_DOWN	GO_Cellular_Component_2023
GO_Cellular_Component_2023	Caveola (GO:0005901)	1/62	0.0543759601292243	0.1215462638182661	0	0	19.210221793635487	55.93696029523851	SCARB1	Concordant_DOWN_DOWN	GO_Cellular_Component_2023
GO_Cellular_Component_2023	Lysosome (GO:0005764)	2/503	0.0740907290060242	0.140772385111446	0	0	4.860528942115768	12.64935581727572	OCA2;SCARB1	Concordant_DOWN_DOWN	GO_Cellular_Component_2023
GO_Cellular_Component_2023	Late Endosome Membrane (GO:0031902)	1/85	0.0738280674139551	0.140772385111446	0	0	13.934173669467787	36.31268374332498	PMEL	Concordant_DOWN_DOWN	GO_Cellular_Component_2023
GO_Cellular_Component_2023	Plasma Membrane Raft (GO:0044853)	1/82	0.0713124414727928	0.140772385111446	0	0	14.452432824981845	38.16431494463284	SCARB1	Concordant_DOWN_DOWN	GO_Cellular_Component_2023
GO_Cellular_Component_2023	Early Endosome Membrane (GO:0031901)	1/116	0.0994487786044948	0.1799549327128954	0	0	10.162148337595909	23.455382166428738	KREMEN2	Concordant_DOWN_DOWN	GO_Cellular_Component_2023
GO_Cellular_Component_2023	Mitotic Spindle (GO:0072686)	1/143	0.1212167829384625	0.2093744432573444	0	0	8.218724109362055	17.34294402575858	CAPG	Concordant_DOWN_DOWN	GO_Cellular_Component_2023
GO_Cellular_Component_2023	Endoplasmic Reticulum Membrane (GO:0005789)	2/801	0.1609613005301186	0.2129434618648318	0	0	3.0010951188986232	5.481774271473633	OCA2;PMEL	Concordant_DOWN_DOWN	GO_Cellular_Component_2023
GO_Cellular_Component_2023	Nuclear Lumen (GO:0031981)	2/780	0.1542978181923386	0.2129434618648318	0	0	3.08547557840617	5.766354779857476	CAPG;RUNX3	Concordant_DOWN_DOWN	GO_Cellular_Component_2023
GO_Cellular_Component_2023	Nucleolus (GO:0005730)	2/771	0.1514609794623989	0.2129434618648318	0	0	3.123049414824447	5.894528563987932	CAPG;RUNX3	Concordant_DOWN_DOWN	GO_Cellular_Component_2023
GO_Cellular_Component_2023	Endocytic Vesicle (GO:0030139)	1/196	0.16250948405474	0.2129434618648318	0	0	5.968929110105581	10.845657098350197	SCARB1	Concordant_DOWN_DOWN	GO_Cellular_Component_2023
GO_Cellular_Component_2023	Membrane Raft (GO:0045121)	1/169	0.141708133787998	0.2129434618648318	0	0	6.937675070028011	13.556118103313043	RTN4R	Concordant_DOWN_DOWN	GO_Cellular_Component_2023
GO_Cellular_Component_2023	Endocytic Vesicle Membrane (GO:0030666)	1/159	0.1338808378259637	0.2129434618648318	0	0	7.380491437081162	14.840730151520052	SCARB1	Concordant_DOWN_DOWN	GO_Cellular_Component_2023
GO_Cellular_Component_2023	cullin-RING Ubiquitin Ligase Complex (GO:0031461)	1/174	0.1455966829399851	0.2129434618648318	0	0	6.735464127847671	12.97866635801621	ANKRD9	Concordant_DOWN_DOWN	GO_Cellular_Component_2023
GO_Cellular_Component_2023	Spindle (GO:0005819)	1/210	0.1731070135815228	0.2192688838699289	0	0	5.5651562060230795	9.76042305629853	CAPG	Concordant_DOWN_DOWN	GO_Cellular_Component_2023
GO_Cellular_Component_2023	Lytic Vacuole (GO:0000323)	1/223	0.1828340628471342	0.2241191738126162	0	0	5.2358240593534715	8.89658814160068	SCARB1	Concordant_DOWN_DOWN	GO_Cellular_Component_2023
GO_Cellular_Component_2023	Early Endosome (GO:0005769)	1/307	0.2431281120753622	0.2887146330894926	0	0	3.78239138792772	5.348932190689728	KREMEN2	Concordant_DOWN_DOWN	GO_Cellular_Component_2023
GO_Cellular_Component_2023	Actin Cytoskeleton (GO:0015629)	1/327	0.2568512480614547	0.2957681038283418	0	0	3.546734031035727	4.820927183584267	CAPG	Concordant_DOWN_DOWN	GO_Cellular_Component_2023
GO_Cellular_Component_2023	Intracellular Non-Membrane-Bounded Organelle (GO:0043232)	2/1195	0.2927511327165245	0.3271924424478803	0	0	1.9686714165968149	2.41837976744064	CAPG;RUNX3	Concordant_DOWN_DOWN	GO_Cellular_Component_2023
GO_Cellular_Component_2023	Neuron Projection (GO:0043005)	1/557	0.3986819566019863	0.4328546957392994	0	0	2.0552264071096062	1.8899682848587889	RTN4R	Concordant_DOWN_DOWN	GO_Cellular_Component_2023
GO_Cellular_Component_2023	Cytoskeleton (GO:0005856)	1/599	0.4216483560720013	0.445073264742668	0	0	1.9067479834743264	1.6466362721626036	CAPG	Concordant_DOWN_DOWN	GO_Cellular_Component_2023
GO_Cellular_Component_2023	Intracellular Membrane-Bounded Organelle (GO:0043231)	4/5175	0.7233594776223251	0.7429097337742798	0	0	0.8183551123021244	0.2650234664250811	SCARB1;NMRK2;CAPG;RUNX3	Concordant_DOWN_DOWN	GO_Cellular_Component_2023
GO_Cellular_Component_2023	Nucleus (GO:0005634)	2/4487	0.935986739146304	0.935986739146304	0	0	0.4319119286510591	0.028572688849941	CAPG;RUNX3	Concordant_DOWN_DOWN	GO_Cellular_Component_2023
