logFC	AveExpr	t	P.Value	adj.P.Val	B	HGNC_symbol
ENSG00000144485	-1.56207990697492	3.51545764868872	-8.24244153223498	8.36989128327465e-15	3.43817513093168e-13	23.0210958253515	HES6
ENSG00000167861	-1.01886137795633	4.86242987919067	-8.21407053825044	1.00997801837855e-14	4.05487471082351e-13	22.8370814486961	HID1
ENSG00000204991	-1.12726936009435	2.72204513392607	-7.93072048099057	6.46252238226463e-14	2.19118249891881e-12	21.0199375886658	SPIRE2
ENSG00000085831	-1.12756709625999	4.21136111889494	-7.62055904738392	4.71779961802824e-13	1.36781138405597e-11	19.0755971445968	TTC39A
ENSG00000186919	-3.06296177330057	1.57708244547471	-7.56312217515088	6.78651821397221e-13	1.91910932450762e-11	18.7202354297651	ZACN
ENSG00000168350	-1.81103377688814	1.90180317489105	-7.33581474618828	2.80484950166582e-12	6.93640348244658e-11	17.3339670185804	DEGS2
ENSG00000105289	-1.05476517668434	4.3436871923891	-7.18265075572302	7.19009428890244e-12	1.66421257135308e-10	16.4150666279873	TJP3
ENSG00000188747	-1.03702203633787	2.07178114018288	-7.11101887497723	1.1118823307449e-11	2.47660365724823e-10	15.9897403360988	NOXA1
ENSG00000225556	-1.28343069459375	-0.853689192420233	-7.10930677123766	1.12348983313137e-11	2.49675781595208e-10	15.9796093757467	C2CD4D
ENSG00000125850	-1.07384716176816	3.01608897760311	-7.07271148482306	1.40219546540763e-11	3.06722398217866e-10	15.7634580192169	OVOL2
ENSG00000135119	-1.15556979870536	1.28952826063035	-6.83855324825655	5.68830877725125e-11	1.13255388634415e-09	14.3984012511068	RNFT2
ENSG00000205517	-1.03625637480293	3.97064281380934	-6.78910579816186	7.61550080766808e-11	1.47707407315328e-09	14.1141915820397	RGL3
ENSG00000166123	-1.05854940498389	3.85316160221011	-6.74693040497168	9.75659519670347e-11	1.85727498027393e-09	13.8729148329948	GPT2
ENSG00000116299	-1.8778247000367	3.51593850173152	-6.70548864696054	1.2439099796315e-10	2.32705383725502e-09	13.6364494244834	ELAPOR1
ENSG00000143882	-1.46055306413832	1.22533729715175	-6.68854251070627	1.37254164457608e-10	2.54572552936963e-09	13.5406279965414	ATP6V1C2
ENSG00000187486	-1.36344012454863	0.657894011747082	-6.65150771121581	1.70254771713111e-10	3.10430036292874e-09	13.3309156783771	KCNJ11
ENSG00000213213	-1.27186787589717	0.17157308533463	-6.57483099493655	2.65293495938125e-10	4.67682819772774e-09	12.8993501019897	CCDC183
ENSG00000070985	-2.32819232750025	-4.85666798772373	-6.57480276316267	2.65336655129388e-10	4.67682819772774e-09	12.8991918578365	TRPM5
ENSG00000162482	-2.04344711171324	0.99777478488716	-6.55921751508	2.90246258439764e-10	5.0700850444733e-09	12.8119076854801	AKR7A3
ENSG00000177685	-1.069514634113	4.72250770424903	-6.55045699186005	3.05241841784163e-10	5.30354302483757e-09	12.7629098250586	CRACR2B
ENSG00000108515	-1.33404915139716	2.72175233982879	-6.53870676275812	3.26555207287458e-10	5.61387242695408e-09	12.6972639008099	ENO3
ENSG00000165188	-2.23166920045131	-0.514256185120623	-6.48720805832993	4.38537444603827e-10	7.3197113935927e-09	12.4105482636378	RNF183
ENSG00000185101	-1.00312541256994	3.75159621062257	-6.45818401140321	5.17453281217978e-10	8.5346985825234e-09	12.2496768406746	ANO9
ENSG00000130701	-1.11099198727126	0.715371883653696	-6.29142515768222	1.3258345594304e-09	2.01791606268378e-08	11.3355361855725	RBBP8NL
ENSG00000131910	-2.53655470483679	-0.402130008194552	-6.2654293369717	1.53293715894749e-09	2.31686056122258e-08	11.1946069653782	NR0B2
ENSG00000106927	-2.47933696018823	-0.284543227424125	-6.21765927532485	1.99933607829986e-09	2.94200946906386e-08	10.9367550218207	AMBP
ENSG00000139865	-1.26497185475212	0.231935437089494	-6.19214045772243	2.30282194555624e-09	3.34818642337507e-08	10.7996076621227	TTC6
ENSG00000167964	-1.14747313439535	0.976461894202335	-6.17004380175923	2.60172984752576e-09	3.74096925460004e-08	10.6811898386933	RAB26
ENSG00000165905	-1.17100328467611	3.95141058162646	-6.15635894345512	2.80556830795689e-09	4.00455368140855e-08	10.6080091112526	LARGE2
ENSG00000166415	-2.46712103412313	-0.976807481451361	-6.05711014940785	4.83140645952699e-09	6.57780168941851e-08	10.0808988679161	WDR72
ENSG00000165238	-1.39635800211585	1.49964409492218	-5.97374703915874	7.59016052654073e-09	9.95959732305734e-08	9.64313187019052	WNK2
ENSG00000163467	-1.22246501830651	0.0347318422256809	-5.91313663868818	1.05116841996962e-08	1.32239833723064e-07	9.32773005568327	TSACC
ENSG00000152292	-1.8862028704779	-2.05327221601945	-5.91033873346185	1.0670279925946e-08	1.33908472773235e-07	9.31322944339114	SH2D6
ENSG00000167037	-1.0709576330017	0.11382096044358	-5.87568441786261	1.28394023676372e-08	1.59061853331643e-07	9.13406123189071	SGSM1
ENSG00000164488	-2.39387064460223	-0.585718029501945	-5.85593295467598	1.42626573225472e-08	1.74917014253639e-07	9.03230299450883	DACT2
ENSG00000167971	-1.66649496664275	-2.93747088948638	-5.83144830192512	1.62421668056023e-08	1.96476849789779e-07	8.90652370585218	CASKIN1
ENSG00000167701	-1.28741412241249	-0.197209131268483	-5.82803455762771	1.65386503396034e-08	1.98953233924995e-07	8.88901915137178	GPT
ENSG00000132437	-2.16624903470204	-0.24808460692607	-5.64145030001874	4.39369114652902e-08	4.78135536258083e-07	7.94432968886135	DDC
ENSG00000186648	-1.08538807246312	-1.6315898425642	-5.61531142781371	5.02891042353944e-08	5.40033572834901e-07	7.81389501503891	CARMIL3
ENSG00000184925	-1.3041070506878	0.341532768867705	-5.55378527160155	6.89805975624815e-08	7.16311559148025e-07	7.50874846940773	LCN12
ENSG00000160180	-2.07543161835562	5.64439826300778	-5.39473599398244	1.54778115838457e-07	1.49063701690028e-06	6.72957309529338	TFF3
ENSG00000103089	-1.02616258146705	3.0329648077393	-5.38872669524737	1.59016660223044e-07	1.52843993806504e-06	6.70324631343224	FA2H
ENSG00000159409	-2.42095043792371	-4.58182862988715	-5.38763608579865	1.59886709259767e-07	1.53453490953103e-06	6.69798823320848	CELF3
ENSG00000176153	-2.54044484896953	3.16946362212062	-5.38528911468466	1.62268057961107e-07	1.55509545527364e-06	6.68403318388923	GPX2
ENSG00000181449	-1.83709009554863	1.60151077524514	-5.37834529161695	1.67514119718386e-07	1.60143826748905e-06	6.65309791187943	SOX2
ENSG00000170608	-1.52236909070954	0.899691205392996	-5.37539589523416	1.69974651413121e-07	1.6233702390469e-06	6.63903368322558	FOXA3
ENSG00000070526	-1.36911626390376	4.43144040768483	-5.31756941688028	2.26671310484371e-07	2.11617732544069e-06	6.36179389406672	ST6GALNAC1
ENSG00000139540	-1.8803835393721	-2.46255809457977	-5.27868595897522	2.74630347906993e-07	2.51105311544576e-06	6.17701035099377	SLC39A5
ENSG00000127831	-2.39904221181183	0.4260358714786	-5.24499671191817	3.24154638387402e-07	2.90000243201054e-06	6.01748542611365	VIL1
ENSG00000205502	-1.12152837942648	0.686616296525292	-5.24173224697757	3.29322777083561e-07	2.94353917840332e-06	6.00224848025002	C2CD4B
ENSG00000164199	-1.30350677747844	0.488467155424124	-5.2402614424963	3.31705339039065e-07	2.96076604543926e-06	5.99531322828643	ADGRV1
ENSG00000198610	-2.90298382877654	-5.44514450332294	-5.22564365108741	3.5631292966208e-07	3.16160886019395e-06	5.92647173169077	AKR1C4
ENSG00000165215	-1.05273978855983	5.94990564094552	-5.21412570198741	3.76941832919307e-07	3.3219914380856e-06	5.872338232037	CLDN3
ENSG00000177181	-1.11866429647432	0.109313776731518	-5.20598140761123	3.92223262894105e-07	3.43340525149833e-06	5.83411898578919	RIMKLA
ENSG00000157388	-1.12510220130317	0.159662485330739	-5.19679437607856	4.10183163446111e-07	3.56661937841378e-06	5.79106448336274	CACNA1D
ENSG00000188833	-1.38038907700987	0.180390454093385	-5.19538026270268	4.13017578858386e-07	3.58966547825605e-06	5.78444279195591	ENTPD8
ENSG00000115718	-1.31990810716327	0.737358845124514	-5.09952217609585	6.56556726978552e-07	5.42827748169725e-06	5.33899714781231	PROC
ENSG00000179774	-1.71630634456917	-4.5651915627354	-5.06360106856949	7.7979358681371e-07	6.31878093597282e-06	5.17381807710333	ATOH7
ENSG00000182327	-1.77052666458201	-2.05365059838132	-4.99150105844307	1.09831005810238e-06	8.62984740079392e-06	4.84516615314828	GLTPD2
ENSG00000160973	-1.52004244060381	-3.05648928557587	-4.95893791948915	1.28048325578256e-06	9.89260741127176e-06	4.69800649426178	FOXH1
ENSG00000117407	-1.1754738429008	0.223093809338521	-4.94951714015293	1.33842554269023e-06	1.03059823160899e-05	4.65558029469616	ARTN
ENSG00000099769	-1.32648460435193	-1.08819922787549	-4.92821763370153	1.47892842290275e-06	1.12252041567263e-05	4.55990449060467	IGFALS
ENSG00000171759	-2.3986387157554	-2.95443407528015	-4.89759133676333	1.70621760989044e-06	1.27983435827623e-05	4.4229324284809	PAH
ENSG00000100197	-1.21298064962779	0.240096114361868	-4.89410559142771	1.73413230027382e-06	1.29591686874542e-05	4.4073877728811	CYP2D6
ENSG00000103460	-1.65739759520312	2.15594932433852	-4.87310939230474	1.91212291331839e-06	1.41216284196322e-05	4.31382879138773	TOX3
ENSG00000133962	-1.21361490863051	-0.325120286521401	-4.87174547496735	1.92398217625769e-06	1.41883955231475e-05	4.30789158382801	CATSPERB
ENSG00000021488	-1.52332880138651	-2.08883405845525	-4.86080969126489	2.02399840001317e-06	1.48411337020132e-05	4.25936834966492	SLC7A9
ENSG00000178623	-1.03809349604524	1.69547477433852	-4.84712804463095	2.15621660545725e-06	1.57337690372782e-05	4.19878921619538	GPR35
ENSG00000176919	-1.2017966635192	-1.00802838741245	-4.8406483091233	2.22171087430746e-06	1.6157295035217e-05	4.17014808441337	C8G
ENSG00000242252	-1.0278949506078	-0.549619783478599	-4.80573803415983	2.60898521726607e-06	1.86402488316718e-05	4.01639085161255	BGLAP
ENSG00000135100	-2.46025516311193	-2.70047083923735	-4.77252561703589	3.03740530403358e-06	2.14343046265111e-05	3.87097508171427	HNF1A
ENSG00000165841	-1.7419336824628	-7.82782675143577	-4.75650721527634	3.26756468147391e-06	2.28764700627625e-05	3.80114271834417	CYP2C19
ENSG00000084110	-1.23571688440522	0.028821817381323	-4.75631160239617	3.27047672287346e-06	2.28798576808875e-05	3.80029115864184	HAL
ENSG00000184709	-1.96942428249135	-2.71647351338521	-4.73833070325809	3.5491165867351e-06	2.46482475801667e-05	3.72214057827839	LRRC26
ENSG00000164362	-1.24983503209927	-2.9178461230895	-4.7208898358059	3.84117707721793e-06	2.64544709116651e-05	3.64657466936242	TERT
ENSG00000175311	-2.32532249562441	-4.90483071400777	-4.70904964468616	4.05251136941463e-06	2.77315374153536e-05	3.59540828971051	ANKS4B
ENSG00000150750	-2.44530247930269	-4.67643676357587	-4.69051483491596	4.40600984038532e-06	2.98507166686105e-05	3.5155288845184	POU2AF2
ENSG00000171747	-1.96680142174437	1.24559751475875	-4.68697341098154	4.47741092899938e-06	3.02923862852413e-05	3.50019297271156	LGALS4
ENSG00000125888	-1.80776590060864	-8.38547752392993	-4.68447074082898	4.52757628636878e-06	3.06211675908588e-05	3.48953806039713	BANF2
ENSG00000128298	-1.23257240983461	0.391814436050584	-4.68174460153146	4.58345946403903e-06	3.09133982241028e-05	3.47782435627011	BAIAP2L2
ENSG00000188162	-1.59278182161196	-8.14041161582099	-4.6811430075222	4.59588075378107e-06	3.09864634650229e-05	3.47524019513354	OTOG
ENSG00000186474	-2.87605011982565	-1.4055217513463	-4.6778878154641	4.66423394467318e-06	3.14147506829351e-05	3.46115945043779	KLK12
ENSG00000170075	-1.01045881669889	-3.80867349162257	-4.66867998983634	4.86062441949824e-06	3.26248722646197e-05	3.42176802746229	GPR37L1
ENSG00000215262	-1.92371615597504	-7.77861894335795	-4.6619798829841	5.00896060630093e-06	3.34823019356436e-05	3.39307116558018	KCNU1
ENSG00000146049	-1.82300908920386	-5.50452130140466	-4.64601012924406	5.38031076158977e-06	3.57076950952856e-05	3.32481237207817	KAAG1
ENSG00000180210	-2.12733915802581	-5.72960982617898	-4.64284953126595	5.45688377595557e-06	3.61912699648012e-05	3.31132663922442	F2
ENSG00000164266	-2.11953669007399	5.53595349972763	-4.62249910428774	5.98611928629699e-06	3.93556863087225e-05	3.22323278370146	SPINK1
ENSG00000177238	-1.73317351357952	-4.85387232706225	-4.60082038984238	6.5803907656586e-06	4.2685034780429e-05	3.13273421851803	TRIM72
ENSG00000152669	-1.09842880714771	2.02307355854475	-4.59763818866884	6.67397422821761e-06	4.32345900202464e-05	3.11926830000347	CCNO
ENSG00000171564	-3.12404809040401	-0.0478233843424125	-4.58957233944327	6.92349383147458e-06	4.46434936020264e-05	3.08439231994521	FGB
ENSG00000183260	-1.78508506540692	-8.75705797665366	-4.57277570899254	7.45053374677787e-06	4.76170371657812e-05	3.01433166588449	ABHD16B
ENSG00000136883	-1.28971164718847	1.57557242191051	-4.56422235765893	7.73724767984621e-06	4.92237289628821e-05	2.97834246456692	KIF12
ENSG00000177202	-1.14630528566958	-0.742975997614786	-4.55665411755192	7.99976224859311e-06	5.06461262149736e-05	2.9465460165078	SPACA4
ENSG00000170835	-1.1360878057904	-0.760940930505836	-4.53108592565228	8.95145616905585e-06	5.59451674473471e-05	2.83945866569964	CEL
ENSG00000203685	-1.67125564826152	-2.73725891947082	-4.52634355251184	9.13954923895809e-06	5.7029384314215e-05	2.81965261907478	STUM
ENSG00000169862	-1.97226219372875	-2.43546545716343	-4.51044997571162	9.79801501749316e-06	6.07302633485789e-05	2.75340369806763	CTNND2
ENSG00000196139	-1.37278676618235	5.52485995294164	-4.49597178600797	1.04404550364829e-05	6.40409175328056e-05	2.69298220596454	AKR1C3
ENSG00000104760	-2.22068015338336	1.23531019164202	-4.47213905690554	1.15790525285881e-05	7.03176075125465e-05	2.59444558530778	FGL1
ENSG00000126231	-1.44854583513446	-4.9959536352179	-4.47174138515828	1.15978439992579e-05	7.03913582369192e-05	2.59288842485165	PROZ
ENSG00000164638	-1.03519168981165	2.77120080481712	-4.47173010449186	1.15984120916203e-05	7.03913582369192e-05	2.59284181910746	SLC29A4
ENSG00000129437	-1.81236976549637	-2.75694237106615	-4.43658544371364	1.35042234556135e-05	8.05054714530797e-05	2.44813181357803	KLK14
ENSG00000146013	-1.67493913604784	1.0533863413035	-4.41149675848483	1.50459579157895e-05	8.85868228282691e-05	2.34536720825966	GFRA3
ENSG00000137860	-2.16356912937605	-3.96573134935797	-4.38854704342413	1.66006209315848e-05	9.66610909033369e-05	2.25191756697114	SLC28A2
ENSG00000183844	-1.21852252576823	4.0662868161751	-4.34881617198898	1.96671372779781e-05	0.000112601285964762	2.09094910467974	FAM3B
ENSG00000185156	-1.24387792105439	0.246892292466926	-4.33405580457239	2.09363458634985e-05	0.000119203379191299	2.03157483209501	MFSD6L
ENSG00000256453	-1.41052173170023	-4.20607447877432	-4.32580015463454	2.16811978719249e-05	0.000123013530932538	1.99839935910416	DND1
ENSG00000154040	-1.11711310173679	2.09958633161479	-4.31212214751992	2.29714184519216e-05	0.000129588224943467	1.943554451541	CABYR
ENSG00000204335	-1.16256138290649	0.490291825089494	-4.29025484517683	2.51880153439136e-05	0.000140339393315375	1.85618520029973	SP5
ENSG00000265303	-2.75595349992874	-4.2090621906031	-4.27955782981759	2.63454857906053e-05	0.000146120841030782	1.81358624948751	
ENSG00000174788	-1.12470073322832	-0.465444252116732	-4.26668438212194	2.78059659768e-05	0.000153306020949229	1.76244236461165	PCP2
ENSG00000107954	-1.19007768380342	-2.05429533250584	-4.22685576665158	3.28308965003516e-05	0.000177844656444992	1.60505836770021	NEURL1
ENSG00000130675	-1.20285851587797	-0.191012253653696	-4.18775141249114	3.86011191656597e-05	0.000204800401108576	1.45178685163444	MNX1
ENSG00000174990	-1.54612294228731	-5.95477698963034	-4.17374216481862	4.08946594627449e-05	0.000215453382971963	1.3971792537396	CA5A
ENSG00000219073	-1.34004086784427	-8.56641064459141	-4.1516939960708	4.47696701016332e-05	0.00023425738885038	1.31156003129636	CELA3B
ENSG00000140623	-1.74459754713414	-6.05303329708559	-4.13355571870036	4.82176896370104e-05	0.000250552213101823	1.24142143703207	SEPTIN12
ENSG00000139144	-1.6774912849707	-4.07015387301167	-4.11595711099842	5.18041233343247e-05	0.000266561723232949	1.1736267737449	PIK3C2G
ENSG00000163993	-1.68873072286106	6.38399588568483	-4.10723366459583	5.37360249720459e-05	0.000275702687156077	1.13921861794026	S100P
ENSG00000171560	-2.11901219058163	1.90219274807004	-4.10662615143484	5.38448076182375e-05	0.000276115607423666	1.13723797243247	FGA
ENSG00000125788	-1.7073919631957	-8.34036740040464	-4.09755651529033	5.58252294763499e-05	0.000285147088361922	1.10301387504811	DEFB126
ENSG00000262484	-1.47167040060151	-3.43784452430739	-4.085610689038	5.85931266641489e-05	0.000297648812150709	1.05732003415646	CCER2
ENSG00000204710	-1.89492247946689	-6.24813644688325	-4.06383639995406	6.39778832786073e-05	0.000321450207288959	0.974333050116304	SPDYC
ENSG00000188306	-1.25155007837894	-3.60473248136187	-4.05981390862587	6.50228678831451e-05	0.00032598309304623	0.959045054799922	LRRIQ4
ENSG00000139515	-2.20355438761483	-5.62871073771205	-4.05642880816525	6.59148377924394e-05	0.000329946207030805	0.946189866922683	PDX1
ENSG00000128714	-1.93263748248134	-7.33536747275095	-4.05046174843315	6.75155801139102e-05	0.000337007930207883	0.923552463483301	HOXD13
ENSG00000007216	-2.09134670293497	-3.88883883523735	-4.04852086462293	6.80441737726348e-05	0.0003392992380914	0.916195600138334	SLC13A2
ENSG00000142606	-1.09720423929215	1.05156638855642	-4.04044804291171	7.02853375264971e-05	0.000349314188949824	0.885629122088511	MMEL1
ENSG00000197768	-1.31228269843126	-1.77058175123735	-4.01593835044788	7.75279668025322e-05	0.000380996055894836	0.793156478807436	STPG3
ENSG00000148826	-1.7438673558538	-6.7374093461673	-4.01085184857563	7.91174559886565e-05	0.000388069331636668	0.774027792363564	NKX6-2
ENSG00000189377	-1.12905735090248	7.54243253566148	-3.9992237086245	8.28741416838959e-05	0.000404493698964845	0.730324067683138	CXCL17
ENSG00000173080	-1.57870868890718	-5.82332325188715	-3.97803953932642	9.01401495481935e-05	0.000434168007401716	0.651145957150177	RXFP4
ENSG00000140107	-1.31661536928168	-6.69736142019454	-3.9753253999163	9.11144916755361e-05	0.000438211969823283	0.64102148065323	SLC25A47
ENSG00000278299	-2.32582884711046	-6.31293952384823	-3.97289546207099	9.19952900383625e-05	0.000441686048038516	0.631962338469476	TBC1D3C
ENSG00000099954	-1.04156367420991	-0.624433594501945	-3.96024964404546	9.67112183849845e-05	0.000461380528274703	0.584896120336857	CECR2
ENSG00000134240	-2.00868181374626	-3.56653861112062	-3.95635018753113	9.82111343643943e-05	0.000467161300272565	0.570409604861045	HMGCS2
ENSG00000237289	-1.31632860262578	1.9368010131751	-3.95183786191153	9.9980071952385e-05	0.000474534459726329	0.553617918435706	CKMT1B
ENSG00000167117	-1.71311480671335	-6.72564792748247	-3.93909703505831	0.00010511659155456	0.000494702106708291	0.506465708243151	ANKRD40CL
ENSG00000108825	-1.10407698083237	-2.73094493026848	-3.931519019169	0.000108293131610194	0.000508303003121987	0.478458244953119	PTGES3L-AARSD1
ENSG00000136487	-1.61564122374203	-8.15194460999219	-3.92626201403752	0.000110550041310653	0.000518024112885078	0.459057066924744	GH2
ENSG00000177984	-1.98328259927554	-7.01460085645134	-3.91786159130874	0.000114249343688826	0.000533820209304689	0.428102796381478	LCN15
ENSG00000108176	-1.06949984915243	3.44466626091829	-3.90864741478367	0.000118449579328925	0.000550545067142919	0.394168137209434	DNAJC12
ENSG00000156564	-1.47980344896264	-6.14480513866146	-3.90425086886112	0.000120493472989826	0.00055884683740848	0.378074317308816	LRFN2
ENSG00000135374	-1.28426129448813	0.838077313105058	-3.90268500262361	0.000121232247971629	0.000561872594399628	0.37232863327987	ELF5
ENSG00000088992	-1.22114112662996	4.79614373299611	-3.87458951453221	0.000135266112773918	0.000619556899634901	0.269439326442705	TESC
ENSG00000139352	-2.11169590526303	-3.20923306850583	-3.87444366564583	0.000135316856579174	0.000619643864250845	0.269053560644274	ASCL1
ENSG00000268738	-1.6092803531542	-3.85421639468482	-3.87242183450349	0.000136382524915079	0.000624230782581052	0.261685568694774	HSFX2
ENSG00000131050	-1.89391226430542	-1.63975069103502	-3.85216953103151	0.000147505032108709	0.000669174188910751	0.188070751022805	BPIFA2
ENSG00000203618	-2.17987481629072	-4.16413425876653	-3.8519238427172	0.000147645094469727	0.000669439520613468	0.187179813105391	GP1BB
ENSG00000261649	-1.49586666984066	-6.39084319408559	-3.83664881084787	0.000156604718355491	0.000705046438521537	0.13188755385162	GOLGA6L7
ENSG00000145626	-1.75978433731183	-7.71425084063422	-3.820704255641	0.000166504704006325	0.000744463745318838	0.0743808501747383	UGT3A1
ENSG00000177300	-1.83086986958066	-7.07588223347857	-3.81572212843267	0.000169717614675061	0.000757267344509442	0.0564558139618905	CLDN22
ENSG00000167800	-1.58613496619113	-6.55931785786769	-3.81220248340891	0.000172022647376811	0.00076632554694437	0.0438051865754945	TBX10
ENSG00000174015	-1.8700829799002	-4.10922690543968	-3.79283924859338	0.000185242569178104	0.000819789750465674	-0.0256053173997381	CBY2
ENSG00000134323	-1.1237922418767	-1.41797083892607	-3.79104529226223	0.000186514821474276	0.000824858838759308	-0.0320200358081459	MYCN
ENSG00000157315	-1.08582942615383	0.654239597844358	-3.78601988732237	0.000190122904965835	0.000839863735950505	-0.0499751158553252	TMED6
ENSG00000173702	-1.9135534421293	0.703016545003891	-3.78396215480487	0.000191630238438348	0.000844800996929294	-0.0573642192018538	MUC13
ENSG00000009765	-1.22872634938342	-0.289837008579767	-3.78385562426598	0.000191697016935866	0.000844904493890357	-0.0577011657221922	IYD
ENSG00000243955	-1.56106090550908	2.66353566155642	-3.78055515288766	0.000194212067417292	0.000854060369494299	-0.0698282419511669	GSTA1
ENSG00000123388	-2.28454938152963	-4.4584875209533	-3.76669479419944	0.000204621752674236	0.000894395080237385	-0.118822403241866	HOXC11
ENSG00000170577	-1.25454858021391	-0.0595457054941635	-3.75863603455534	0.000210971378088512	0.000919471415962261	-0.147439192886173	SIX2
ENSG00000144407	-1.30280411543333	-4.2362791918249	-3.75155534192494	0.00021670353525857	0.000941090447354823	-0.172537519339722	PTH2R
ENSG00000167104	-1.2259215890619	-8.56795945400386	-3.74547893195594	0.00022173963559217	0.000958905977321461	-0.194042222467681	BPIFB6
ENSG00000145920	-2.14068904351945	-4.88611621957197	-3.74524065843617	0.000221939349655896	0.000959344393107185	-0.194884846862512	CPLX2
ENSG00000135773	-1.17289201698971	0.422176806906615	-3.73431907245811	0.000231277981873795	0.00099311091160244	-0.233456047073025	CAPN9
ENSG00000183396	-1.52276514487161	-6.76543323689881	-3.71668746971366	0.000247140825540695	0.0010526548325584	-0.295511284213574	TMEM89
ENSG00000096088	-1.96165824191442	3.85621355171984	-3.71020659467069	0.000253425160381464	0.00107496341942677	-0.318842872179253	PGC
ENSG00000213892	-1.30700227408264	-7.505752011642	-3.70708144853775	0.000256209643602362	0.00108557382614393	-0.329209098918921	CEACAM16
ENSG00000166558	-1.81737657635841	-5.11286803996108	-3.69567017469907	0.000267390593929222	0.001127339081406	-0.369137843849026	SLC38A8
ENSG00000099834	-1.53705829209982	-3.8665100710428	-3.68798082863152	0.000275182468598339	0.00115694038510898	-0.395980897728179	CDHR5
ENSG00000123569	-1.10878255487981	-9.02775312055638	-3.68621055366053	0.000277006410635744	0.00116310503213356	-0.40215369995881	H2BW1
ENSG00000101200	-1.02521299055229	-9.07877470817117	-3.68565228059746	0.000277583967414322	0.00116502868836056	-0.404099798774057	AVP
ENSG00000198723	-1.12238362552968	-1.37776750183269	-3.68132187227127	0.000282102656935858	0.00118221371179821	-0.419186274160372	SAXO5
ENSG00000163515	-1.6079889673931	-7.50969839880931	-3.67672076288524	0.00028697972566281	0.00119956049852887	-0.435198336789304	RETNLB
ENSG00000184956	-1.6490204915057	-3.51683041740856	-3.67445121052803	0.000289414554654928	0.00120870222397837	-0.443089838652491	MUC6
ENSG00000188175	-1.56615973951061	-3.65415825172762	-3.66917197739401	0.000295153745790921	0.00122820215139101	-0.461429380875718	HEPACAM2
ENSG00000142484	-2.33835787497761	-5.54822714023345	-3.66735695624188	0.000297151547903676	0.00123546153903612	-0.46772910147339	TM4SF5
ENSG00000113924	-1.22986421352719	2.29520720568872	-3.65053417320439	0.000316300335294372	0.00130672287577044	-0.526022481311642	HGD
ENSG00000263429	-1.79683734537536	-6.19689172223345	-3.64727593524277	0.000320121675511789	0.00131971564178872	-0.537240428216021	TMEM238L
ENSG00000131668	-2.04756168704827	-1.1744285686537	-3.63446509541396	0.000335652393176789	0.00137358420630568	-0.581436953385535	BARX1
ENSG00000180525	-1.15803066454222	-2.37929224872763	-3.62407957764324	0.000348733840914169	0.00142085919898043	-0.617107031890276	DIP2C-AS1
ENSG00000167757	-1.47003025442193	2.63533910082101	-3.62272422613188	0.000350569133881516	0.00142774054274601	-0.621950723203112	KLK11
ENSG00000185615	-1.31802031843235	-1.02019267869261	-3.59733066307621	0.000384710619173823	0.00154932375672232	-0.708633829209669	PDIA2
ENSG00000120054	-1.42132924647589	-8.30587339815561	-3.59464912591969	0.000388503558243604	0.00156234159695985	-0.71777544002939	CPN1
ENSG00000006071	-1.49044704668878	-2.55937769808171	-3.56580570262638	0.000431585489620491	0.00171334609836725	-0.815715205884953	ABCC8
ENSG00000088386	-1.47744534314959	-2.27996134443969	-3.56077488255236	0.000439544687067609	0.00174210764453853	-0.8327244950838	SLC15A1
ENSG00000169562	-1.6164627210436	1.64130817600389	-3.55295805016561	0.000452206155097531	0.00178539993894436	-0.859143323784504	GJB1
ENSG00000151033	-1.06586139408201	-8.9716190522451	-3.55098519503983	0.000455429366480877	0.00179521975732826	-0.865761205313931	LYZL2
ENSG00000157131	-1.5002891493629	-6.1008309016459	-3.5368237437547	0.00047936333609479	0.00187931231944576	-0.913405089532031	C8A
ENSG00000187416	-1.45110476834516	-3.87735234632295	-3.53488855726768	0.000482724128475125	0.00189106469370034	-0.919902292336551	LHFPL3
ENSG00000213759	-1.65056241275678	-6.47148195632682	-3.53015852833301	0.000491031923434489	0.00191927381611653	-0.935769325120526	UGT2B11
ENSG00000173612	-1.19252909543011	-8.16916382525289	-3.5196920094366	0.000509894282004283	0.00198188391045171	-0.970811026105003	GPRC6A
ENSG00000261787	-1.58290636435243	-4.50428515691828	-3.51678673496334	0.000515249279255871	0.00199975644134515	-0.980521072080332	TCF24
ENSG00000140297	-1.04874112138372	3.1266829965681	-3.51324058590665	0.000521879869644835	0.00202282876768177	-0.992394803786103	GCNT3
ENSG00000135226	-1.26071840308203	-8.10092637050581	-3.50362983560161	0.000540166711817019	0.002083362894045	-1.02440301610314	UGT2B28
ENSG00000147041	-1.03695042754724	-0.934581878536965	-3.49777325047264	0.000551617654440512	0.00212207485675143	-1.043888275716	SYTL5
ENSG00000100053	-1.23684306087446	-4.1812718489105	-3.49727219231669	0.000552607824454468	0.00212462736369568	-1.04555395399339	CRYBB3
ENSG00000185105	-1.02364282831039	-5.04407994387159	-3.49083131694502	0.000565485182393693	0.00216900862568621	-1.06694616573645	MYADML2
ENSG00000102539	-1.26569793263463	-7.0656992302101	-3.48437962091912	0.000578665539765202	0.00221434046124703	-1.08833834873921	MLNR
ENSG00000150201	-1.67659946175189	-1.58933160445914	-3.48019442556713	0.000587368849659276	0.00224264285352881	-1.10219613331872	FXYD4
ENSG00000110243	-1.37391183234936	-7.57719573367702	-3.47707488487506	0.000593935641600235	0.0022634516091609	-1.11251552016454	APOA5
ENSG00000171126	-1.04860022689027	-2.91203009613619	-3.47644115581182	0.000595278045918663	0.00226679649335772	-1.11461085540226	KCNG3
ENSG00000173557	-1.2586952463105	-1.38882428746303	-3.47483244039182	0.000598698494936435	0.00227804310319807	-1.1199282829574	CIMIP2C
ENSG00000160182	-2.30737718107304	0.23158853377821	-3.46437220322752	0.000621603684844297	0.00235372231684105	-1.15469240825996	TFF1
ENSG00000254550	-1.57535685943067	-5.42950484122567	-3.45001376961275	0.000653854853221277	0.00246198685759428	-1.20167944830006	OMP
ENSG00000095932	-1.23021278257267	-0.745688863505837	-3.44597401091391	0.000663270361698051	0.00249358984536654	-1.21493561579605	SMIM24
ENSG00000169347	-1.80637692749164	-6.42160724567703	-3.43848028023819	0.000681072699564718	0.00255019967643576	-1.23948822511841	GP2
ENSG00000205704	-1.17103432640911	-3.95340495066926	-3.43769755367085	0.00068295771669894	0.00255627680188561	-1.24204995367101	SMIM45
ENSG00000188163	-1.26927289275316	-4.22257580326459	-3.4301155798849	0.000701471314653709	0.00261603751749296	-1.26683689617316	CIMIP2A
ENSG00000241598	-1.0578122366374	-8.46978774444744	-3.43005084807956	0.000701631376807113	0.00261613442084089	-1.26704830196591	KRTAP5-4
ENSG00000187889	-1.16440596868823	-1.2836710271751	-3.40617662962879	0.000763049912677646	0.00281342212701554	-1.34476995818796	FYB2
ENSG00000142025	-1.61737642875083	-6.94695435473539	-3.39551751012571	0.000792061873648477	0.00290830095570739	-1.37931015221558	DMRTC2
ENSG00000156413	-1.20642407029245	0.13505829696109	-3.38669502112564	0.000816850342060841	0.002986393830671	-1.40782398234322	FUT6
ENSG00000183145	-1.04258578951478	-1.08504305162646	-3.37638807611637	0.000846726019139412	0.00308521346133487	-1.44104953310275	RIPPLY3
ENSG00000257390	-1.41706027821421	-1.9613479569144	-3.35193220401804	0.000921740226387847	0.00332280201437737	-1.51951459139421	
ENSG00000197408	-1.34220232737876	-5.38740636659532	-3.33932029124828	0.000962803013199956	0.00345461794659021	-1.55977477624142	CYP2B6
ENSG00000110245	-1.40417627872091	-8.41263312517506	-3.33002834242941	0.000994139755476849	0.00355073309699145	-1.58934780327964	APOC3
ENSG00000133477	-1.18443590431426	-0.595838403373541	-3.30875256752075	0.00106950272760617	0.003785259789779	-1.6567762883323	FAM83F
ENSG00000134365	-1.0039458516394	-8.34192819161865	-3.30342053879692	0.00108920560103744	0.00384871055549484	-1.67361267761412	CFHR4
ENSG00000125787	-1.56390267514839	-5.41761522035796	-3.30317567028458	0.00109011849597289	0.00385009302765729	-1.67438527416599	GNRH2
ENSG00000122584	-1.43334467413997	-5.60931383966925	-3.27974799161894	0.00118082546332783	0.00412538342711776	-1.74805958755291	NXPH1
ENSG00000151632	-1.49988218025805	4.23332243955642	-3.26043485335852	0.00126144874381134	0.00436407586688773	-1.80877033486723	AKR1C2
ENSG00000169894	-1.11647828914122	2.71920945310117	-3.25908155877432	0.00126665727060437	0.00437976549070219	-1.81267279717273	MUC3A
ENSG00000268651	-1.68587170093532	-7.46566718115561	-3.25794553632006	0.00127149452348199	0.00439415535639046	-1.81618951385374	CTAG1A
ENSG00000102313	-1.24954354684715	-5.99496893028404	-3.23619436157154	0.00136835644743155	0.00466609070295079	-1.88374208596837	ITIH6
ENSG00000118271	-1.83573723356202	-4.86256406650193	-3.23436371942978	0.00137681336684766	0.00468813634996775	-1.88940847801158	TTR
ENSG00000165643	-1.35730799708497	-6.8374288253813	-3.23399648487295	0.00137851568834983	0.00469171430509016	-1.89054482423189	SOHLH1
ENSG00000146857	-1.41588847561191	-7.9994988932918	-3.22603904820068	0.00141588541647527	0.00480292518290614	-1.9151385635727	STRA8
ENSG00000104755	-1.38821460277308	-7.80006230871982	-3.21599550013922	0.00146439299981342	0.00494004775455732	-1.94609996981119	ADAM2
ENSG00000105550	-1.19165341268524	-8.2951749402023	-3.20875278004379	0.00150032435167429	0.00504642798653142	-1.96837192553834	FGF21
ENSG00000044012	-1.57244100210779	-7.40140528211281	-3.1881726723377	0.00160692976426981	0.00536523161540598	-2.03140431889196	GUCA2B
ENSG00000197273	-1.64687203177041	-5.31294073630738	-3.18496492807373	0.00162416418515333	0.00541289680483339	-2.04119518509149	GUCA2A
ENSG00000185306	-1.55001960908976	-2.05939424968093	-3.18401154915495	0.00162931934326846	0.00542698515292834	-2.04410338836575	C12orf56
ENSG00000166143	-1.25243965993919	2.59469655884825	-3.18169885529195	0.00164202557908808	0.00546650795071944	-2.05121108968572	PPP1R14D
ENSG00000185974	-1.25229849625274	-4.44228428207782	-3.17509348424516	0.00167828028420543	0.00557768777131942	-2.07126822379673	GRK1
ENSG00000178828	-1.52311947777253	-2.9521866413035	-3.17308778869104	0.00168947761535992	0.0056120339174162	-2.07736796016699	RNF186
ENSG00000178372	-1.79436494109988	-5.11221514695719	-3.16715857437603	0.00172298448022873	0.00570875754427288	-2.09537908390667	CALML5
ENSG00000229674	-1.15032471125257	-8.42865770314005	-3.14358041026659	0.00186240141823782	0.00611667673332038	-2.16669375123558	H2AL3
ENSG00000124391	-1.09762255801533	-2.5200237215214	-3.13995749996467	0.00188472501022661	0.00618270921310383	-2.1776078934628	IL17C
ENSG00000125508	-1.15069278924873	-3.11785961953696	-3.13083621359895	0.00194202756218719	0.00635146526875568	-2.20503444856011	SRMS
ENSG00000214336	-1.53607737881978	-3.64669806694941	-3.12722517670556	0.0019651544126729	0.00641634754017296	-2.21587194934141	FOXI3
ENSG00000158874	-1.62225817195646	-5.85861607710115	-3.12711821667204	0.00196584329878368	0.00641644938873656	-2.21619278270834	APOA2
ENSG00000183971	-1.05645210546457	-0.507689954906614	-3.11158487098125	0.00206828812523213	0.00669594124764051	-2.2626779919613	NPW
ENSG00000162460	-1.40830535818776	-4.5776721024319	-3.09996581721204	0.0021481134590358	0.00692106833102817	-2.29730886998569	TMEM82
ENSG00000170615	-1.01154192604198	-3.16626638399222	-3.09895782495992	0.00215517082350912	0.00694151421398315	-2.30030754813614	SLC26A5
ENSG00000110680	-2.04500822134139	-1.64237239215175	-3.08588125050527	0.00224874558501604	0.00720603117996928	-2.3391450094706	CALCA
ENSG00000166863	-1.43851473795635	-5.33656196458365	-3.07860164850171	0.0023023476956724	0.00734912994267243	-2.36067136812319	TAC3
ENSG00000090932	-1.32719773910642	-2.41596228540467	-3.07858911081806	0.00230244113056358	0.00734912994267243	-2.36070843326664	DLL3
ENSG00000255582	-1.11538822771772	-7.76651557071982	-3.07568058944851	0.00232421101817635	0.00740892099112186	-2.36930310227747	OR10G2
ENSG00000100253	-1.11134183096379	-1.32681839520623	-3.07192193060314	0.0023526248942995	0.00747994409932734	-2.38039874272571	MIOX
ENSG00000128310	-1.0317752337533	-8.05869876149025	-3.06158023745646	0.00243246284287305	0.00770991146688416	-2.41086254933098	GALR3
ENSG00000204347	-1.0527497045971	-8.11767243755639	-3.05715940876864	0.00246734654131608	0.00780123266098757	-2.42385596057612	BTBD17
ENSG00000214897	-1.14397028441169	-7.96964006178207	-3.05263884601513	0.00250349279896306	0.00789784179359211	-2.43712444528825	PNMA6E
ENSG00000100078	-1.2330591001849	-2.48663496909339	-3.05200211340473	0.00250862305620294	0.00790891146754433	-2.43899187723121	PLA2G3
ENSG00000273976	-1.14009584317167	-8.26745774326456	-3.05186146250389	0.00250975760670034	0.00790993222773978	-2.43940433430648	GOLGA6L1
ENSG00000261793	-1.51759476323154	-3.8218246622568	-3.03974212024571	0.00260930914282126	0.00818797684058033	-2.47487773445343	
ENSG00000240045	-1.14513742136013	-7.59258584896496	-3.03578483742493	0.00264259356094638	0.00826716138547151	-2.4864322766246	STRIT1
ENSG00000178602	-1.44238713040643	-7.48790648458363	-3.03469863228591	0.00265179758437325	0.00829196706190558	-2.48960134598443	OTOS
ENSG00000168875	-1.59013715086973	-7.14738422571593	-3.03296702758257	0.00266653139404984	0.00833136277993604	-2.49465122431779	SOX14
ENSG00000278599	-1.54419762913347	-7.13465888010892	-3.03092621986655	0.0026839927259694	0.00837709397546762	-2.5005993858984	TBC1D3E
ENSG00000187134	-1.19365175068828	4.94757335822568	-3.02988401176652	0.00269397565959386	0.00840558952741835	-2.50388057798149	AKR1C1
ENSG00000196289	-1.22470450395176	-5.88151684521011	-3.02974288909203	0.00269416548300914	0.00840558952741835	-2.50404662773204	BECN2
ENSG00000109132	-1.04952149892637	-8.43662120442409	-3.02846746459068	0.00270516961455135	0.00843317934480362	-2.50776075036372	PHOX2B
ENSG00000204511	-1.25670436064823	-7.99411213518285	-3.02344602545354	0.00274889631016559	0.00855173227103809	-2.52236936551162	MCCD1
ENSG00000150556	-1.05588697914256	1.07662608200389	-3.02065975914201	0.00277343834271406	0.00861434717335827	-2.53046556550671	LYPD6B
ENSG00000163357	-1.0023822169707	-4.00852988177821	-3.01452763693431	0.0028281619447911	0.00876478650996887	-2.54825949682526	DCST1
ENSG00000164089	-1.62623269526757	-5.83600445804279	-3.00397412760991	0.00292466954497765	0.00901518991494533	-2.57880430627018	ETNPPL
ENSG00000105388	-1.27790686859992	5.8326838400428	-3.00320638022021	0.00293288844292012	0.00903909639839793	-2.58125799003326	CEACAM5
ENSG00000184945	-1.12119522200864	-8.31845273145133	-2.99379970280842	0.00302056356293179	0.00927090592019281	-2.60815736871798	AQP12A
ENSG00000174992	-1.08193002473393	-6.67230141408559	-2.97580692462308	0.00319723576452954	0.00974452737230558	-2.65983879631599	ZG16
ENSG00000175336	-1.08185203562608	-7.86780083245523	-2.97492841541655	0.00320609970275534	0.00976544136749332	-2.66235473011585	APOF
ENSG00000237378	-1.05940009908293	-8.64689406947467	-2.97415515475028	0.00321392034112435	0.00978010194884877	-2.66456867216206	
ENSG00000178597	-1.23393360915257	-5.42552796705836	-2.96969025713206	0.00325942058359942	0.00990465884242202	-2.67734172253245	PSAPL1
ENSG00000165556	-1.53283294037071	-5.40418638238131	-2.96253247797317	0.00333359603933758	0.0100892083014666	-2.69778109449165	CDX2
ENSG00000166006	-1.28298934118923	-7.35104142660698	-2.96106614828604	0.0033489810181004	0.0101294865331228	-2.70196258108477	KCNC2
ENSG00000146166	-1.36945254800824	0.126747896509728	-2.9452486739502	0.00351919431122725	0.010585250408612	-2.74695822554668	LGSN
ENSG00000184033	-1.55727468058647	-7.22540025508558	-2.9381751963918	0.00359774145655976	0.0107899064402696	-2.76698910760512	CTAG1B
ENSG00000172482	-1.14087587233612	-7.52313241432682	-2.9379247077699	0.00360055470052803	0.0107950250947607	-2.76769806302969	AGXT
ENSG00000057593	-1.07595167160036	-3.40921469445525	-2.91597348336233	0.00385504933016572	0.0114437429682327	-2.82960675125287	F7
ENSG00000152430	-1.06428352764098	-7.37308836034628	-2.91348827323176	0.00388487467945647	0.0115182608639347	-2.83658836489947	BOLL
ENSG00000198758	-1.75040069850492	-3.98592836605058	-2.89991554500366	0.00405151476891397	0.0119415643762915	-2.87461939016789	EPS8L3
ENSG00000123584	-1.01553567043801	-9.02640836395716	-2.88276048371322	0.00427146704956478	0.0124992299146832	-2.92245009518107	MAGEA9
ENSG00000145321	-1.20068143991169	-8.20620178954472	-2.87449142507714	0.0043813313079357	0.012749968155174	-2.94541035054098	GC
ENSG00000185686	-1.51058036396506	-0.246170628206226	-2.86984293732171	0.0044443116684253	0.0129216822044873	-2.95830338856483	PRAME
ENSG00000198443	-1.77863701759588	-3.60549921076653	-2.86359426339361	0.00453004708516746	0.0131376751970552	-2.97557343188383	KRTAP4-1
ENSG00000113889	-1.23015186003968	-6.51593530154084	-2.86011700818114	0.00457846105418215	0.0132544409627896	-2.98517576659267	KNG1
ENSG00000177398	-1.01288340762537	-0.888153388571984	-2.84820621516225	0.004747889202005	0.0136698855112176	-3.01798405214296	UMODL1
ENSG00000162040	-1.32371886136071	-3.61121278432684	-2.84759271616902	0.00475676871157755	0.0136914103998084	-3.01967045435705	HS3ST6
ENSG00000180919	-1.03920638149302	-7.4452904305564	-2.84442302314165	0.00480288670034851	0.0137997239430423	-3.02837795549863	OR56B4
ENSG00000248771	-1.27930283222347	-0.220742995700389	-2.83983757151019	0.00487032388918416	0.0139544434252219	-3.04095858445511	SMIM31
ENSG00000102195	-1.02796443424366	-8.0530755865097	-2.83609124864072	0.004926058450049	0.014093438779671	-3.05122283037283	GPR50
ENSG00000171557	-1.47779355138644	4.01965269657198	-2.81450651276836	0.00526017349751525	0.0149289462230571	-3.11028853036629	FGG
ENSG00000135333	-1.04846394537446	-3.75021934049416	-2.81277958480242	0.00528610280333863	0.014991633415515	-3.11480637673032	EPHA7
ENSG00000186051	-1.10545586742425	-5.21214303466536	-2.8076997970482	0.0053676643923706	0.0152008516145044	-3.12859623031959	TAL2
ENSG00000267978	-1.51399272851762	-6.72627337536963	-2.80339032792852	0.00543775193508462	0.0153725609616591	-3.14027655284995	MAGEA9B
ENSG00000263639	-1.62095934675944	1.99357349681712	-2.77037016547691	0.00600462686147896	0.0167710104954448	-3.22937653548639	MSMB
ENSG00000187140	-1.11261538317813	-4.93179025801945	-2.75888359755732	0.00621173146150752	0.0172580527234707	-3.2599186520552	FOXD3
ENSG00000165588	-1.01032366734457	-8.25667968453304	-2.75552493626024	0.00627400540134447	0.0173865066597122	-3.26887412800696	OTX2
ENSG00000108242	-1.10257984485762	-0.731413165229572	-2.75477516924428	0.00628798399664243	0.0174153504247675	-3.27087188949782	CYP2C18
ENSG00000185863	-1.21074589197339	-7.12201393282877	-2.74452882199551	0.00648186211832114	0.0178863093837763	-3.29812200383517	TMEM210
ENSG00000187144	-1.04829253897474	-7.61205084860698	-2.74042328337396	0.0065610518289512	0.0180588578482855	-3.3090137882776	SPATA21
ENSG00000154252	-1.1502126026705	-4.42834794644746	-2.73428499777339	0.00668108314461822	0.0183400807987888	-3.32526965219691	GAL3ST2
ENSG00000228278	-1.02523496613305	1.44979331645914	-2.73262723132408	0.00671395877256334	0.0184109283654165	-3.32966434204078	ORM2
ENSG00000196620	-1.30245171681615	-3.38649448011673	-2.73254919422367	0.00671538423414665	0.0184109283654165	-3.32986029731656	UGT2B15
ENSG00000131126	-1.03822598797988	-8.12404243949802	-2.71618666529408	0.00704663231508608	0.0191629114609003	-3.37299871079433	TEX101
ENSG00000138109	-1.00693069916195	-3.39457757016731	-2.7157150633825	0.00705639466527727	0.0191855273425676	-3.37423842198785	CYP2C9
ENSG00000185176	-1.03178674139073	-7.8770104185097	-2.69882080267872	0.00741427001336188	0.0200092996543177	-3.41851463653841	AQP12B
ENSG00000141977	-1.16580149589801	-7.0280644345992	-2.67950988858393	0.00784333114447431	0.021039191269038	-3.46880448911566	CIB3
ENSG00000230601	-1.2539502581338	-5.50546314024901	-2.67848628049721	0.00786668650466796	0.0210873453879766	-3.47146065812071	TEX48
ENSG00000125823	-1.32657882639988	-6.4722381237276	-2.64707363924993	0.00861458397044186	0.0227730337936948	-3.5525065327726	CSTL1
ENSG00000274226	-1.34888620590719	-7.50687591484822	-2.6413860023494	0.00875664086140557	0.0230812542939798	-3.56708406490893	TBC1D3H
ENSG00000233041	-1.53811285039881	-5.70428657079376	-2.63451180802029	0.00893114144263006	0.0234762807259326	-3.58466311998223	PHGR1
ENSG00000106536	-1.28119661110999	-2.97115281422179	-2.62636668744174	0.00914194339875785	0.0239658201795732	-3.60543606217734	POU6F2
ENSG00000259900	-1.1277127909204	-7.80703785351748	-2.61555898682555	0.00942854801822594	0.0246047651373043	-3.63290538761077	
ENSG00000234224	-1.2880157897233	-5.72806785314785	-2.61018525825315	0.00957403039076894	0.0249410522008923	-3.64652350933477	TMEM229A
ENSG00000167434	-1.01079026196639	-1.10436979766148	-2.60594468724261	0.00969025258901513	0.0251665391344154	-3.65725122514827	CA4
ENSG00000267881	-1.41444287001422	-6.95124130645133	-2.60474540169131	0.00972335030265864	0.0252357024614891	-3.66028215327175	
ENSG00000177938	-1.01332592347105	-7.6095198878171	-2.60221316623566	0.00979356767631504	0.0253774359230092	-3.66667746833824	CAPZA3
ENSG00000244122	-1.10953112646166	-6.89845124645523	-2.59724416329452	0.00993267745918758	0.0256805353073829	-3.6792098331267	UGT1A7
ENSG00000165583	-1.01258639504953	-8.45896725542409	-2.59702989605515	0.0099387156010046	0.0256865873859679	-3.67974972712895	SSX5
ENSG00000162992	-1.22028833045157	-7.43157058022176	-2.58228276825434	0.010362281802031	0.0265898004367739	-3.71680679381612	NEUROD1
ENSG00000185002	-1.08552076271213	-7.36306812841243	-2.57807442585634	0.0104860811375292	0.0268721322767887	-3.72734490582382	RFX6
ENSG00000180818	-1.63094876954464	-2.19168039040467	-2.55772470959296	0.0111036343641593	0.0282064983353048	-3.77807449750927	HOXC10
ENSG00000255054	-1.15739580652192	-6.7168351292529	-2.53186015160172	0.0119352224773741	0.0299987196932273	-3.8419952089887	
ENSG00000185674	-1.09052316924225	-6.16595375722178	-2.53138711835845	0.0119509360691851	0.0300266114578856	-3.84315853235451	LYG2
ENSG00000244067	-1.07220621256299	-0.96377228303891	-2.52909171213323	0.0120274489350493	0.0301916356131072	-3.84880065250856	GSTA2
ENSG00000178796	-1.02490825832552	-0.666060488891051	-2.49689182481612	0.0131477468523977	0.0325929153327383	-3.92743442778359	RIIAD1
ENSG00000068985	-1.33251013704819	-7.53169117452137	-2.49610481724482	0.0131762536344261	0.0326469918622124	-3.92934432566955	PAGE1
ENSG00000006611	-1.0445411937583	-1.48500676963035	-2.46216796783585	0.0144589903115315	0.0354293380583452	-4.01115566663476	USH1C
ENSG00000107831	-1.06064845324855	-4.83742273604669	-2.44963016617876	0.0149602044760575	0.0364742608692782	-4.04111019871485	FGF8
ENSG00000168703	-1.12346279305693	-5.11208006253695	-2.36643294186722	0.0186935857589947	0.043961581936785	-4.23617648870112	WFDC12
ENSG00000157005	-1.49322362387585	-6.02396283471983	-2.35578716709171	0.0192261021390099	0.0450239684273116	-4.26067141536998	SST
ENSG00000084453	-1.10417158206143	-4.31370348615174	-2.34108285230652	0.0199835436487646	0.046468705002347	-4.29433065817343	SLCO1A2
ENSG00000122711	-1.54622798374693	-4.17468398682878	-2.33597434566194	0.020252756018171	0.0469883205025628	-4.30597712748082	SPINK4
ENSG00000217236	-1.0065416224192	-7.6223315476848	-2.33221765308969	0.0204527549984249	0.047379099552329	-4.31452614424526	SP9
ENSG00000124657	-1.01088382075698	-5.39713369822956	-2.32162158899445	0.0210262326752663	0.048511747896393	-4.33856827100341	OR2B6
ENSG00000162782	-1.07102234873456	-2.22399655432296	-2.31863509357422	0.0211903918894239	0.0488442913817411	-4.34532556606125	TDRD5
ENSG00000159184	-1.38559210119424	-4.68249116798053	-2.31517970600762	0.0213817250236329	0.0492329736442205	-4.35313337360009	HOXB13
